,user_id,id,quality_grade,url,image_url,sound_url,description,num_identification_agreements,num_identification_disagreements,captive_cultivated,latitude,longitude,place_county_name,species_guess,scientific_name,common_name,taxon_family_name,year,image_url_present,sound_url_present,description_present,species_guess_same_common,total_id,tyler_ID,tyler_confidence
1,1681369,23593370,casual,https://www.inaturalist.org/observations/23593370,NA,NA,With chicks,0,0,FALSE,54.54143923,-1.781264143,Durham,Gooseander,Mergus merganser merganser,Goosander,Anatidae,2019,No,No,Yes,no,11,,
2,7033,889280,research,http://www.inaturalist.org/observations/889280,https://static.inaturalist.org/photos/1129600/medium.jpg,NA,NA,1,0,FALSE,51.22527,-0.530777,Surrey,Pinson des arbres,Fringilla coelebs,Common Chaffinch,Fringillidae,2014,Yes,No,No,no,973,,
3,1659769,24724104,casual,https://www.inaturalist.org/observations/24724104,NA,NA,NA,0,0,FALSE,52.7385825,-1.551165592,Derbyshire,European Green Woodpecker,Picus viridis,Green Woodpecker,Picidae,2019,No,No,No,no,768,,
4,3084396,47702132,research,https://www.inaturalist.org/observations/47702132,https://static.inaturalist.org/photos/75668358/medium.jpeg,NA,NA,3,0,FALSE,54.48636806,-0.613347106,North Yorkshire,Ruddy Turnstone,Arenaria interpres,Ruddy Turnstone,Scolopacidae,2019,Yes,No,No,Yes,4,,
5,4489938,177312103,research,https://www.inaturalist.org/observations/177312103,https://inaturalist-open-data.s3.amazonaws.com/photos/308371945/medium.jpeg,NA,NA,4,0,FALSE,51.5072682,-0.1657303,Westminster,Казарка канадская,Branta canadensis,Canada Goose,Anatidae,2014,Yes,No,No,no,13,,
6,1100791,30737907,research,https://www.inaturalist.org/observations/30737907,https://inaturalist-open-data.s3.amazonaws.com/photos/48038966/medium.jpeg,NA,Lots of juveniles ,2,0,FALSE,52.52869672,-1.04206818,Leicestershire,Star,Sturnus vulgaris,Common Starling,Sturnidae,2019,Yes,No,Yes,no,3,,
7,1411960,37780129,research,https://www.inaturalist.org/observations/37780129,https://inaturalist-open-data.s3.amazonaws.com/photos/59962565/medium.jpg,NA,Please ID the bird at the top of the photo. Thanks,2,0,FALSE,53.61526667,-2.778653333,Lancashire,House Sparrow,Passer domesticus,House Sparrow,Passeridae,2019,Yes,No,Yes,Yes,895,,
8,1527518,33862628,research,https://www.inaturalist.org/observations/33862628,https://inaturalist-open-data.s3.amazonaws.com/photos/53228613/medium.jpeg,NA,NA,2,0,FALSE,53.48451838,-2.267192679,Manchester,Feral Pigeon,Columba livia domestica,Feral Pigeon,Columbidae,2019,Yes,No,No,Yes,4907,,
9,1395785,22717358,research,https://www.inaturalist.org/observations/22717358,https://inaturalist-open-data.s3.amazonaws.com/photos/35198289/medium.jpeg,NA,NA,3,0,FALSE,51.94330164,-2.168265758,Gloucestershire,Eurasian Coot,Fulica atra,Eurasian Coot,Rallidae,2019,Yes,No,No,Yes,698,,
10,385607,9332690,research,https://www.inaturalist.org/observations/9332690,https://inaturalist-open-data.s3.amazonaws.com/photos/12660821/medium.jpg,NA,Washington Wetlands Centre,5,0,FALSE,54.89921986,-1.485870103,Tyne and Wear,Eurasian Blackbird,Turdus merula,Blackbird,Turdidae,2018,Yes,No,Yes,no,18,,
11,3635289,106737935,research,https://www.inaturalist.org/observations/106737935,https://inaturalist-open-data.s3.amazonaws.com/photos/179371523/medium.jpeg,NA,NA,2,0,FALSE,51.29967445,1.17818342,Kent,Great Spotted Woodpecker,Dendrocopos major,Great Spotted Woodpecker,Picidae,2014,Yes,No,No,Yes,32,,
12,2100979,74362509,research,https://www.inaturalist.org/observations/74362509,https://inaturalist-open-data.s3.amazonaws.com/photos/121526153/medium.jpg,NA,NA,1,0,FALSE,49.91501944,-6.315327778,Cornwall,Black Redstart,Phoenicurus ochruros,Black Redstart,Muscicapidae,2013,Yes,No,No,Yes,1345,,
13,4738061,93851678,research,https://www.inaturalist.org/observations/93851678,https://inaturalist-open-data.s3.amazonaws.com/photos/155602889/medium.jpeg,NA,NA,2,0,FALSE,51.5073509,-0.1277583,Westminster,Airone cenerino,Ardea cinerea,Grey Heron,Ardeidae,2016,Yes,No,No,no,88,,
14,1367983,19335922,research,https://www.inaturalist.org/observations/19335922,https://static.inaturalist.org/photos/29730032/medium.jpg,NA,Singing ,5,0,FALSE,51.90723167,-1.77367,Gloucestershire,European Robin,Erithacus rubecula,Robin,Muscicapidae,2018,Yes,No,Yes,no,30,,
15,6971,1859183,research,http://www.inaturalist.org/observations/1859183,https://inaturalist-open-data.s3.amazonaws.com/photos/2261619/medium.JPG,NA,NA,1,0,FALSE,50.63195,-2.438238,Dorset,Gadwall,Mareca strepera,Gadwall,Anatidae,2013,Yes,No,No,Yes,315,,
16,1702876,25456237,research,https://www.inaturalist.org/observations/25456237,https://inaturalist-open-data.s3.amazonaws.com/photos/39428882/medium.jpeg,NA,NA,2,0,FALSE,53.67340978,-2.982792712,Merseyside,Ruff,Calidris pugnax,Ruff,Scolopacidae,2019,Yes,No,No,Yes,271,,
17,1141091,17373942,research,https://www.inaturalist.org/observations/17373942,https://inaturalist-open-data.s3.amazonaws.com/photos/26388268/medium.jpeg,NA,NA,3,0,FALSE,52.0165863,-0.764483988,Milton Keynes,Domestic Muscovy Duck,Cairina moschata domestica,Domestic Muscovy Duck,Anatidae,2018,Yes,No,No,Yes,2,,
18,150795,115488432,research,https://www.inaturalist.org/observations/115488432,https://inaturalist-open-data.s3.amazonaws.com/photos/194910319/medium.jpg,NA,NA,2,0,FALSE,51.857485,0.233955,Essex,Great Crested Grebe,Podiceps cristatus,Great Crested Grebe,Podicipedidae,2018,Yes,No,No,Yes,70,,
19,1236256,28579536,casual,https://www.inaturalist.org/observations/28579536,NA,NA,on path Record GUID (from Gilbert 21): 8685aa28-28c2-48b5-9bd4-6a038112d05d,0,1,FALSE,53.3939,-2.8739,Merseyside,Pica pica,Pica pica,Eurasian Magpie,Corvidae,2019,No,No,Yes,no,2611,,
20,758614,15315836,research,https://www.inaturalist.org/observations/15315836,https://static.inaturalist.org/photos/22932651/medium.jpeg,NA,NA,8,0,FALSE,53.81390886,-3.022595085,Lancashire,Mute Swan,Cygnus olor,Mute Swan,Anatidae,2018,Yes,No,No,Yes,33,,
21,1236256,29523310,casual,https://www.inaturalist.org/observations/29523310,NA,NA,on watercourse Record GUID (from Gilbert 21): 2007f708-76b6-4ced-9b9d-701d337fe9aa,0,0,FALSE,53.6626,-2.9601,Merseyside,Anas platyrhynchos,Anas platyrhynchos,Mallard,Anatidae,2019,No,No,Yes,no,2611,,
22,1642957,23385138,casual,https://www.inaturalist.org/observations/23385138,NA,NA,NA,0,0,FALSE,55.00154242,-1.607205515,Tyne and Wear,Eurasian Collared Dove,Streptopelia decaocto,Eurasian Collared-Dove,Columbidae,2019,No,No,No,no,33,,
23,1669594,23105684,casual,https://www.inaturalist.org/observations/23105684,NA,NA,NA,0,0,FALSE,55.14900439,-1.602364725,Northumberland,Eurasian Tree Sparrow,Passer montanus,Eurasian Tree Sparrow,Passeridae,2019,No,No,No,Yes,23,,
24,303007,5181976,research,https://www.inaturalist.org/observations/5181976,https://inaturalist-open-data.s3.amazonaws.com/photos/6392229/medium.jpg,NA,NA,3,0,FALSE,51.50588354,-0.172829479,Westminster,Eurasian Coot,Fulica atra,Eurasian Coot,Rallidae,2017,Yes,No,No,Yes,23,,
25,1251437,24595932,casual,https://www.inaturalist.org/observations/24595932,NA,NA,"Evington, Cordery Road, Evington Park",0,0,FALSE,52.625126,-1.0772403,Leicester,Buteo buteo,Buteo buteo,Common Buzzard,Accipitridae,2019,No,No,Yes,no,777,,
26,6476964,148952778,research,https://www.inaturalist.org/observations/148952778,https://inaturalist-open-data.s3.amazonaws.com/photos/256598264/medium.jpg,NA,NA,4,0,FALSE,51.446575,-0.879902778,Berkshire,Eurasian Coot,Fulica atra,Eurasian Coot,Rallidae,2007,Yes,No,No,Yes,844,,
27,2517717,163555965,research,https://www.inaturalist.org/observations/163555965,https://inaturalist-open-data.s3.amazonaws.com/photos/282894583/medium.jpeg,NA,NA,2,0,FALSE,50.82277698,-0.137750997,Brighton and Hove,Feral Pigeon,Columba livia domestica,Feral Pigeon,Columbidae,2019,Yes,No,No,Yes,33,,
28,3314316,52774315,research,https://www.inaturalist.org/observations/52774315,https://inaturalist-open-data.s3.amazonaws.com/photos/83912469/medium.jpg,NA,NA,1,0,FALSE,51.9008046,-5.235693964,Pembrokeshire,Mäusebussard,Buteo buteo,Common Buzzard,Accipitridae,2014,Yes,No,No,no,11,,
29,47300,85185877,research,https://www.inaturalist.org/observations/85185877,https://inaturalist-open-data.s3.amazonaws.com/photos/140121482/medium.jpg,NA,NA,2,0,FALSE,56.14704023,-3.922338245,Stirling,European Robin,Erithacus rubecula,Robin,Muscicapidae,2018,Yes,No,No,no,65,,
30,1031127,19193337,research,https://www.inaturalist.org/observations/19193337,https://static.inaturalist.org/photos/29480138/medium.jpeg,NA,NA,2,0,FALSE,51.31182458,-1.124849059,Hampshire,Eurasian Blue Tit,Cyanistes caeruleus,Blue Tit,Paridae,2018,Yes,No,No,no,43,,
31,318050,102532328,research,https://www.inaturalist.org/observations/102532328,https://inaturalist-open-data.s3.amazonaws.com/photos/171418511/medium.jpeg,NA,Location not exact - photos taken as traveling along the A861 road.,2,0,FALSE,56.758548,-5.232079,Highland,Common Sandpiper,Actitis hypoleucos,Common Sandpiper,Scolopacidae,2019,Yes,No,Yes,Yes,153,,
32,3209851,73427528,research,https://www.inaturalist.org/observations/73427528,https://inaturalist-open-data.s3.amazonaws.com/photos/119873552/medium.jpeg,NA,NA,1,0,FALSE,52.9313873,0.0189262,Lincolnshire,Brant,Branta bernicla,Brent Goose,Anatidae,2016,Yes,No,No,no,922,,
33,188584,6124414,research,https://www.inaturalist.org/observations/6124414,https://inaturalist-open-data.s3.amazonaws.com/photos/7668361/medium.jpeg,NA,NA,3,0,FALSE,51.50703287,-0.171832971,Westminster,Greylag Goose,Anser anser,Greylag Goose,Anatidae,2017,Yes,No,No,Yes,60,,
34,3209851,53477983,research,https://www.inaturalist.org/observations/53477983,https://inaturalist-open-data.s3.amazonaws.com/photos/85058140/medium.jpeg,NA,NA,1,0,FALSE,53.8213799,-1.647527565,West Yorkshire,Greater Whitethroat,Curruca communis,Common Whitethroat,Sylviidae,2018,Yes,No,No,no,922,,
35,16431,30194376,needs_id,https://www.inaturalist.org/observations/30194376,https://inaturalist-open-data.s3.amazonaws.com/photos/47159240/medium.jpg,NA,2 feathers found in close proximity to area where Raven seen and heard flying earlier,0,0,FALSE,51.16015673,-3.257479467,Somerset,Crows and Ravens,Corvus corax,Common Raven,Corvidae,2019,Yes,No,Yes,no,818,,
36,5319546,106170366,casual,https://www.inaturalist.org/observations/106170366,https://inaturalist-open-data.s3.amazonaws.com/photos/178306824/medium.jpg,NA,NA,0,0,TRUE,51.53360202,-0.151858323,Camden,Cinnyris coccinigastrus,Cinnyris coccinigastrus,Splendid Sunbird,Nectariniidae,2009,Yes,No,No,no,39,,
37,3065158,47706552,research,https://www.inaturalist.org/observations/47706552,https://static.inaturalist.org/photos/75675525/medium.jpeg,NA,NA,14,0,FALSE,54.16798187,-2.802292195,Lancashire,European Robin,Erithacus rubecula,Robin,Muscicapidae,2016,Yes,No,No,no,4,,
38,631947,35199906,research,https://www.inaturalist.org/observations/35199906,https://inaturalist-open-data.s3.amazonaws.com/photos/55479855/medium.jpg,NA,NA,0,0,FALSE,51.59388771,0.809446113,Essex,Pie bavarde,Pica pica,Eurasian Magpie,Corvidae,2019,Yes,No,No,no,618,,
39,1605768,33383835,research,https://www.inaturalist.org/observations/33383835,https://static.inaturalist.org/photos/52428503/medium.jpg,NA,NA,5,0,FALSE,50.16501232,-4.93276204,Cornwall,Manx Shearwater,Puffinus puffinus,Manx Shearwater,Procellariidae,2019,Yes,No,No,Yes,33,,
40,1325538,101009402,research,https://www.inaturalist.org/observations/101009402,https://static.inaturalist.org/photos/168646611/medium.jpeg,NA,"Juveniles, just before fledging. Lesser black-backed gulls have nests on the roofs and chimneys of many houses in Lowestoft.",1,0,FALSE,52.47989376,1.73997556,Suffolk,Lesser Black-backed Gull,Larus fuscus,Lesser Black-backed Gull,Laridae,2007,Yes,No,Yes,Yes,165,,
41,1456185,37500894,research,https://www.inaturalist.org/observations/37500894,https://static.inaturalist.org/photos/59460380/medium.jpeg,NA,NA,5,0,FALSE,54.61118526,-2.819405848,Cumbria,Mute Swan,Cygnus olor,Mute Swan,Anatidae,2017,Yes,No,No,Yes,12,,
42,920210,14576397,research,https://www.inaturalist.org/observations/14576397,https://static.inaturalist.org/photos/21721326/medium.jpg,NA,NA,2,0,FALSE,54.11835833,-0.922296667,North Yorkshire,Helmeted Guineafowl,Numida meleagris,Helmeted Guineafowl,Numididae,2018,Yes,No,No,Yes,5,,
43,787572,11608030,research,https://www.inaturalist.org/observations/11608030,https://static.inaturalist.org/photos/16581862/medium.jpg,NA,NA,4,0,FALSE,51.45405543,-2.606997149,Bristol,Great Tit,Parus major,Great Tit,Paridae,2018,Yes,No,No,Yes,14,,
44,81356,11365914,research,https://www.inaturalist.org/observations/11365914,https://inaturalist-open-data.s3.amazonaws.com/photos/16195634/medium.jpg,NA,"Beautiful bird. I’m not sure I’ve seen an Eider, or at least not recently.",6,0,FALSE,56.37765443,-2.637137148,Fife,Common Eider,Somateria mollissima,Common Eider,Anatidae,2018,Yes,No,Yes,Yes,274,,
45,2373485,34806001,research,https://www.inaturalist.org/observations/34806001,https://inaturalist-open-data.s3.amazonaws.com/photos/54823342/medium.jpeg,NA,NA,3,0,FALSE,50.59373615,-1.955722092,Dorset,Great Black-backed Gull,Larus marinus,Great Black-backed Gull,Laridae,2019,Yes,No,No,Yes,65,,
46,1721109,24583540,casual,https://www.inaturalist.org/observations/24583540,NA,NA,CNC2019 records Rochdale FNs 2,0,0,FALSE,53.64091356,-2.109620756,Manchester,Cyanistes caeruleus,Cyanistes caeruleus,Blue Tit,Paridae,2019,No,No,Yes,no,440,,
47,1482555,26544614,casual,https://www.inaturalist.org/observations/26544614,NA,NA,7,0,0,FALSE,53.51473556,-3.063882664,Merseyside,European Goldfinch,Carduelis carduelis,European Goldfinch,Fringillidae,2019,No,No,Yes,Yes,508,,
48,908795,21233536,research,https://www.inaturalist.org/observations/21233536,https://static.inaturalist.org/photos/32824949/medium.jpg,NA,NA,2,0,FALSE,51.4549082,-2.589765256,Bristol,Eurasian Blue Tit,Cyanistes caeruleus,Blue Tit,Paridae,2019,Yes,No,No,no,78,,
49,1592080,22430905,research,https://www.inaturalist.org/observations/22430905,https://inaturalist-open-data.s3.amazonaws.com/photos/34742071/medium.jpeg,NA,NA,2,0,FALSE,51.14538848,-4.221725629,Devon,Rock Pipit,Anthus petrosus,Rock Pipit,Motacillidae,2019,Yes,No,No,Yes,25,,
50,1483980,27493242,casual,https://www.inaturalist.org/observations/27493242,NA,NA,On birdfeeder,0,0,FALSE,53.41431272,-2.838858014,Merseyside,Nuthatches,Sittidae,Nuthatches,Sittidae,2019,No,No,Yes,Yes,2,,
51,317165,4735753,research,http://www.inaturalist.org/observations/4735753,https://inaturalist-open-data.s3.amazonaws.com/photos/5727391/medium.jpeg,NA,                               ,2,0,FALSE,55.26364969,-1.574821472,Northumberland,Common Sandpiper,Actitis hypoleucos,Common Sandpiper,Scolopacidae,2013,Yes,No,Yes,Yes,682,,
52,1527518,29370742,research,https://www.inaturalist.org/observations/29370742,https://inaturalist-open-data.s3.amazonaws.com/photos/45836007/medium.jpeg,NA,NA,3,0,FALSE,53.18754201,-2.112126229,Cheshire,Canada Goose,Branta canadensis,Canada Goose,Anatidae,2019,Yes,No,No,Yes,4907,,
53,3314316,52774314,research,https://www.inaturalist.org/observations/52774314,https://inaturalist-open-data.s3.amazonaws.com/photos/83912420/medium.jpeg,NA,NA,3,0,FALSE,51.49625676,-0.131870648,Westminster,Ringeltaube,Columba palumbus,Common Wood-Pigeon,Columbidae,2014,Yes,No,No,no,11,,
54,1850,8206647,research,https://www.inaturalist.org/observations/8206647,https://inaturalist-open-data.s3.amazonaws.com/photos/10872368/medium.jpg,NA,NA,3,0,FALSE,51.50284705,-0.132493493,Westminster,Common Moorhen,Gallinula chloropus,Common Moorhen,Rallidae,2017,Yes,No,No,Yes,258,,
55,2745291,46426202,research,https://www.inaturalist.org/observations/46426202,https://inaturalist-open-data.s3.amazonaws.com/photos/73634449/medium.jpg,NA,NA,1,0,FALSE,56.43919847,-6.000887118,Argyll and Bute,Common Murre,Uria aalge,Common Guillemot,Alcidae,2019,Yes,No,No,no,1,,
56,1628134,31942572,research,https://www.inaturalist.org/observations/31942572,https://inaturalist-open-data.s3.amazonaws.com/photos/50046441/medium.jpg,NA,From the Lamesley Hide,1,0,FALSE,54.91245746,-1.607556089,Tyne and Wear,Common Greenshank,Tringa nebularia,Common Greenshank,Scolopacidae,2019,Yes,No,Yes,Yes,763,,
57,1387615,28136445,research,https://www.inaturalist.org/observations/28136445,https://inaturalist-open-data.s3.amazonaws.com/photos/43843880/medium.jpg,NA,on grass Record GUID (from Gilbert 21): a709301d-3c03-4937-b3b8-8f118ced3369,0,0,FALSE,53.3535,-2.7329,Cheshire,Eurasian Magpie,Pica pica,Eurasian Magpie,Corvidae,2019,Yes,No,Yes,Yes,2489,,
58,1125847,18626741,research,https://www.inaturalist.org/observations/18626741,https://inaturalist-open-data.s3.amazonaws.com/photos/28509456/medium.jpeg,NA,NA,1,0,FALSE,52.44564444,0.495894444,Norfolk,Western Marsh-Harrier,Circus aeruginosus,Western Marsh Harrier,Accipitridae,2018,Yes,No,No,no,1318,,
59,7129385,174704230,research,https://www.inaturalist.org/observations/174704230,https://static.inaturalist.org/photos/303538301/medium.jpeg,NA,NA,2,0,FALSE,51.43312114,-0.144629739,Wandsworth,Common Moorhen,Gallinula chloropus,Common Moorhen,Rallidae,2019,Yes,No,No,Yes,9,,
60,287355,48802086,casual,https://www.inaturalist.org/observations/48802086,https://inaturalist-open-data.s3.amazonaws.com/photos/77449578/medium.jpeg,NA,NA,0,0,TRUE,51.42630595,-0.357381671,Richmond upon Thames,Common Eider,Somateria mollissima,Common Eider,Anatidae,2019,Yes,No,No,Yes,68,,
61,1029261,14494964,research,https://www.inaturalist.org/observations/14494964,https://inaturalist-open-data.s3.amazonaws.com/photos/21574035/medium.jpg,NA,NA,5,0,FALSE,51.58835565,-0.432437436,Hillingdon,Tarin des aulnes,Spinus spinus,Eurasian Siskin,Fringillidae,2018,Yes,No,No,no,250,,
62,1387615,24305432,casual,https://www.inaturalist.org/observations/24305432,NA,NA,on marsh male,0,0,FALSE,53.6664,-2.9897,Merseyside,Common Teal,Anas crecca,Common Teal,Anatidae,2019,No,No,Yes,Yes,2489,,
63,121050,20703251,research,https://www.inaturalist.org/observations/20703251,https://inaturalist-open-data.s3.amazonaws.com/photos/31917815/medium.jpg,NA,NA,4,0,FALSE,52.31557264,-0.023861894,Cambridgeshire,Eurasian Wigeon,Mareca penelope,Eurasian Wigeon,Anatidae,2019,Yes,No,No,Yes,31,,
64,2486238,37263228,research,https://www.inaturalist.org/observations/37263228,https://inaturalist-open-data.s3.amazonaws.com/photos/59042326/medium.jpg,NA,NA,5,0,FALSE,55.61843981,-2.34162924,Scottish Borders,Common Chaffinch,Fringilla coelebs,Common Chaffinch,Fringillidae,2016,Yes,No,No,Yes,13,,
65,188584,6124962,research,https://www.inaturalist.org/observations/6124962,https://inaturalist-open-data.s3.amazonaws.com/photos/7669101/medium.jpeg,NA,NA,4,0,FALSE,51.5072682,-0.1657303,Westminster,Egyptian Goose,Alopochen aegyptiaca,Egyptian Goose,Anatidae,2017,Yes,No,No,Yes,60,,
66,1689931,24501403,research,https://www.inaturalist.org/observations/24501403,https://inaturalist-open-data.s3.amazonaws.com/photos/37887360/medium.jpg,NA,NA,5,0,FALSE,51.39946175,-0.276324668,Kingston upon Thames,Héron cendré,Ardea cinerea,Grey Heron,Ardeidae,2019,Yes,No,No,no,3,,
67,1325538,56253297,research,https://www.inaturalist.org/observations/56253297,https://static.inaturalist.org/photos/89629213/medium.jpeg,NA,NA,2,0,FALSE,52.60743364,1.441845392,Norfolk,Black-headed Gull,Chroicocephalus ridibundus,Black-headed Gull,Laridae,2018,Yes,No,No,Yes,165,,
68,1808035,26075634,research,https://www.inaturalist.org/observations/26075634,https://inaturalist-open-data.s3.amazonaws.com/photos/40455968/medium.jpg,NA,NA,4,0,FALSE,53.24857643,-2.517772839,Cheshire,Common Wood-Pigeon,Columba palumbus,Common Wood-Pigeon,Columbidae,2019,Yes,No,No,Yes,9,,
69,1554588,23107632,casual,https://www.inaturalist.org/observations/23107632,NA,NA,NA,0,0,FALSE,55.11213213,-1.511050141,Northumberland,Common Wood-Pigeon,Columba palumbus,Common Wood-Pigeon,Columbidae,2019,No,No,No,Yes,95,,
70,7033,914086,research,http://www.inaturalist.org/observations/914086,https://static.inaturalist.org/photos/1166207/medium.jpg,NA,NA,3,0,FALSE,51.4771,-0.2351,Richmond upon Thames,Eurasian Blue Tit,Cyanistes caeruleus,Blue Tit,Paridae,2014,Yes,No,No,no,973,,
71,720065,36802559,research,https://www.inaturalist.org/observations/36802559,https://inaturalist-open-data.s3.amazonaws.com/photos/58235335/medium.jpeg,NA,NA,2,0,FALSE,50.87043214,-1.397381092,Hampshire,Black-headed Gull,Chroicocephalus ridibundus,Black-headed Gull,Laridae,2019,Yes,No,No,Yes,1768,,
72,1444129,20805394,casual,https://www.inaturalist.org/observations/20805394,NA,NA,NA,0,0,FALSE,53.46,-2.73,Merseyside,Pica pica,Pica pica,Eurasian Magpie,Corvidae,2019,No,No,No,no,410,,
73,25394,1962522,research,http://www.inaturalist.org/observations/1962522,https://static.inaturalist.org/photos/2404616/medium.JPG,NA,NA,3,0,FALSE,52.883324,-0.677912,Lincolnshire,Eurasian Jackdaw,Corvus monedula,Eurasian Jackdaw,Corvidae,2015,Yes,No,No,Yes,61,,
74,1374368,28249964,casual,https://www.inaturalist.org/observations/28249964,https://static.inaturalist.org/photos/44024388/medium.jpeg,NA,NA,1,0,TRUE,51.4765405,-0.2354679,Richmond upon Thames,Dendrocygna,Dendrocygna,Whistling-Ducks,Anatidae,2019,Yes,No,No,no,37,,
75,351,4697,casual,http://www.inaturalist.org/observations/4697,NA,NA,NA,0,0,FALSE,52.92530823,-4.050951004,Gwynedd,Canada Goose,Branta canadensis,Canada Goose,Anatidae,2007,No,No,No,Yes,475,,
76,746388,21663265,research,https://www.inaturalist.org/observations/21663265,https://inaturalist-open-data.s3.amazonaws.com/photos/33540584/medium.jpeg,NA,NA,3,0,FALSE,51.50784288,-0.174687161,Westminster,Eurasian Jackdaw,Corvus monedula,Eurasian Jackdaw,Corvidae,2019,Yes,No,No,Yes,36,,
77,820490,10737010,research,https://www.inaturalist.org/observations/10737010,https://inaturalist-open-data.s3.amazonaws.com/photos/15004665/medium.jpg,NA,NA,2,0,FALSE,51.15482783,-2.724866863,Somerset,Common Wood-Pigeon,Columba palumbus,Common Wood-Pigeon,Columbidae,2014,Yes,No,No,Yes,608,,
78,1749846,37136270,research,https://www.inaturalist.org/observations/37136270,https://inaturalist-open-data.s3.amazonaws.com/photos/58821903/medium.jpg,NA,NA,1,0,FALSE,52.66208381,-0.690325544,Rutland,Common Pochard,Aythya ferina,Common Pochard,Anatidae,2019,Yes,No,No,Yes,71,,
79,1991176,29183089,research,https://www.inaturalist.org/observations/29183089,https://static.inaturalist.org/photos/45534001/medium.jpeg,NA,NA,3,0,FALSE,52.15611267,1.603055596,Suffolk,Herring Gull,Larus argentatus,Herring Gull,Laridae,2019,Yes,No,No,Yes,3,,
80,1059434,38671637,research,https://www.inaturalist.org/observations/38671637,https://inaturalist-open-data.s3.amazonaws.com/photos/61495907/medium.jpeg,NA,NA,2,0,FALSE,51.50814529,-0.178335892,Westminster,Great Tit,Parus major,Great Tit,Paridae,2004,Yes,No,No,Yes,18,,
81,904693,23119737,research,https://www.inaturalist.org/observations/23119737,https://static.inaturalist.org/photos/35840821/medium.jpeg,NA,NA,2,0,FALSE,51.45303206,-2.597486414,Bristol,Gołąb miejski,Columba livia domestica,Feral Pigeon,Columbidae,2019,Yes,No,No,no,89,,
82,729485,21911848,research,https://www.inaturalist.org/observations/21911848,https://static.inaturalist.org/photos/33953620/medium.jpg,NA,NA,3,0,FALSE,51.50335333,-0.1321055,Westminster,Eurasian Coot,Fulica atra,Eurasian Coot,Rallidae,2019,Yes,No,No,Yes,37,,
83,1125847,36855574,research,https://www.inaturalist.org/observations/36855574,https://inaturalist-open-data.s3.amazonaws.com/photos/58328864/medium.jpg,NA,NA,3,0,FALSE,51.61443264,0.824160085,Essex,Black-headed Gull,Chroicocephalus ridibundus,Black-headed Gull,Laridae,2019,Yes,No,No,Yes,1318,,
84,1527518,33944332,research,https://www.inaturalist.org/observations/33944332,https://inaturalist-open-data.s3.amazonaws.com/photos/53368045/medium.jpeg,NA,"Centre bird for ID, there is a Black Headed Gull on left and right for size comparison",2,1,FALSE,53.18509351,-2.307231201,Cheshire,Lesser Black-backed Gull,Larus fuscus,Lesser Black-backed Gull,Laridae,2019,Yes,No,Yes,Yes,4907,,
85,1410705,26423631,casual,https://www.inaturalist.org/observations/26423631,https://inaturalist-open-data.s3.amazonaws.com/photos/41029674/medium.jpeg,NA,NA,3,0,TRUE,50.6132199,-3.804052658,Devon,Indian Peafowl,Pavo cristatus,Indian Peafowl,Phasianidae,2016,Yes,No,No,Yes,9,,
86,1614838,35116623,research,https://www.inaturalist.org/observations/35116623,https://inaturalist-open-data.s3.amazonaws.com/photos/55355857/medium.jpg,NA,NA,3,0,FALSE,51.64215435,0.689393562,Essex,European Stonechat,Saxicola rubicola,European Stonechat,Muscicapidae,2019,Yes,No,No,Yes,196,,
87,215911,10131359,research,https://www.inaturalist.org/observations/10131359,https://inaturalist-open-data.s3.amazonaws.com/photos/13972732/medium.jpeg,NA,NA,4,0,FALSE,51.48526928,0.228272725,Thurrock,Eurasian Magpie,Pica pica,Eurasian Magpie,Corvidae,2013,Yes,No,No,Yes,121,,
88,2481352,60800056,casual,https://www.inaturalist.org/observations/60800056,https://inaturalist-open-data.s3.amazonaws.com/photos/97242302/medium.jpg,NA,NA,2,0,TRUE,51.47836334,-0.231943276,Richmond upon Thames,Eisente,Clangula hyemalis,Long-tailed Duck,Anatidae,2008,Yes,No,No,no,98,,
89,1387615,98633893,research,https://www.inaturalist.org/observations/98633893,https://inaturalist-open-data.s3.amazonaws.com/photos/164259822/medium.jpeg,NA,NA,2,0,FALSE,53.41417763,-4.513992913,Anglesey,Charadrius hiaticula,Charadrius hiaticula,Common Ringed Plover,Charadriidae,2017,Yes,No,No,no,2489,,
90,1303714,18088344,research,https://www.inaturalist.org/observations/18088344,https://static.inaturalist.org/photos/27655933/medium.jpg,NA,NA,2,0,FALSE,51.50104103,-0.119964208,Westminster,Lesser Black-backed Gull,Larus fuscus,Lesser Black-backed Gull,Laridae,2018,Yes,No,No,Yes,1,,
91,1680987,23339963,casual,https://www.inaturalist.org/observations/23339963,NA,NA,NA,0,0,FALSE,53.48484823,-2.28673108,Manchester,Feral Pigeon,Columba livia domestica,Feral Pigeon,Columbidae,2019,No,No,No,Yes,4,,
92,4831496,132633672,casual,https://www.inaturalist.org/observations/132633672,NA,NA,Mildly calcareous grassland surrounded by hedgerows and with Bishops Waltham Moors immediatly to the south.,0,0,FALSE,50.94741121,-1.194972028,Hampshire,Streptopelia decaocto,Streptopelia decaocto,Eurasian Collared-Dove,Columbidae,2017,No,No,Yes,no,3856,,
93,938093,144862865,research,https://www.inaturalist.org/observations/144862865,https://inaturalist-open-data.s3.amazonaws.com/photos/248726041/medium.jpeg,NA,NA,4,0,FALSE,52.1605654,-4.1292442,Ceredigion,isohaarahaukka,Milvus milvus,Red Kite,Accipitridae,2018,Yes,No,No,no,74,,
94,662120,9178260,research,https://www.inaturalist.org/observations/9178260,https://inaturalist-open-data.s3.amazonaws.com/photos/12419527/medium.jpg,NA,One of a group of 5 or 6 birds,2,0,FALSE,51.16350964,-0.705932221,Surrey,Provençal Warbler,Curruca undata,Dartford Warbler,Sylviidae,2017,Yes,No,Yes,no,1363,,
95,3831969,65736119,research,https://www.inaturalist.org/observations/65736119,https://inaturalist-open-data.s3.amazonaws.com/photos/105853476/medium.jpg,NA,"At The Serpentine, Hyde Park, largest of 4 parks which form a chain from the entrance of Kensington Palace; except for a few special populations, every mute swan in the United Kingdom is British monarch property.

The largest flying bird in Britain: the male is the cob, the female the pen. ",4,0,FALSE,51.506842,-0.171392,Westminster,Mute Swan,Cygnus olor,Mute Swan,Anatidae,2014,Yes,No,Yes,Yes,6,,
96,1391054,68586476,research,https://www.inaturalist.org/observations/68586476,https://inaturalist-open-data.s3.amazonaws.com/photos/111096219/medium.jpg,NA,NA,3,0,FALSE,60.58791797,-0.806592573,Shetland Islands,Red-throated Loon,Gavia stellata,Red-throated Diver,Gaviidae,2019,Yes,No,No,no,52,,
97,1158399,16094781,research,https://www.inaturalist.org/observations/16094781,https://static.inaturalist.org/photos/24109607/medium.jpeg,NA,NA,4,0,FALSE,52.074246,-4.645069,Ceredigion,Eurasian Nuthatch,Sitta europaea,Nuthatch,Sittidae,2017,Yes,No,No,no,413,,
98,998775,69298675,research,https://www.inaturalist.org/observations/69298675,https://inaturalist-open-data.s3.amazonaws.com/photos/112425338/medium.jpg,NA,NA,4,0,FALSE,54.66347321,-5.773832888,North Down,"Perdizes, Codornizes e Faisões",Phasianus colchicus,Common Pheasant,Phasianidae,2019,Yes,No,No,no,4,,
99,94627,3807488,research,http://www.inaturalist.org/observations/3807488,https://inaturalist-open-data.s3.amazonaws.com/photos/4449045/medium.jpeg,NA,NA,2,0,FALSE,51.50694275,-0.183333337,Kensington and Chelsea,European Starling,Sturnus vulgaris,Common Starling,Sturnidae,2016,Yes,No,No,no,95,,
100,525243,14575773,research,https://www.inaturalist.org/observations/14575773,https://inaturalist-open-data.s3.amazonaws.com/photos/21720158/medium.jpg,NA,NA,6,0,FALSE,51.7548164,-1.2543668,Oxfordshire,Eurasian Jackdaw,Corvus monedula,Eurasian Jackdaw,Corvidae,2018,Yes,No,No,Yes,59,,
